insert into Zona
VALUES (54241, 'Parque Zonal VES'),
       (47447, 'Playa Agua Dulce'),
       (58774, 'Bajada Balta'),
       (87455, 'Parque Zonal SJM'),
       (69274, 'Parque Kennedy'),
       (05752, 'Parque de la amistad'),
       (78240, 'Parque la Perla del amor'),
       (52482, 'Malecon de miraflores '),
       (25780, 'Parque Zonal VTM'),
       (78540, 'Playa Central Chorrillos'),
       (05824, 'Playa La Chira'),
       (52042, 'Parque central de Surco');
	
insert into Rol
VALUES (5245, 'Zumba'),
       (2563, 'Halterofilia'),
       (0525, 'Crossfit'),
       (5265, 'Abs'),
       (8405, 'Functional');
insert into Rol
values (1475, 'Maraton');

insert into Tipo_Documento
values (1, 'DNI');

insert into Persona
values ('Sebastian', '2000/07/08', '996335059', 'Velasco Alvarado', 18, 5, 'sebaas14toulier@gmail.com', 'Toulier','Funes', 1, 70675089),
       ('Rosa', '2000/07/18', '961781356', 'Pepito Central', 8, 2, 'Rosa@gmail.com', 'Pereda', 'Nuñez', 1, 20124536),
       ('Pepito', '2000/05/11', '963425875', 'Benavides', 8, 2, 'ThuPepitoLokito@gmail.com', 'Jirafales', 'Chapotin', 1,82154637),
       ('Juancito', '2005/09/11', '963258745', 'Central', 85, 26, 'JuanchitoMazNah@gmail.com', 'Torres', 'Torres', 1,36025789),
       ('Roberta', '1996/11/26', '996224052', 'Ayacucho', 125, 21, 'Robertita_tita@gmail.com', 'Tello', 'Soto', 1, 42563258),
       ('Juancho', '1985/10/17', '993254100', 'Caminos del Inca', 68, 78, 'Juan_cho@gmail.com', 'Melancho', 'Lia', 1, 52003650),
       ('Lorena', '2000/08/06', '996352852', 'Colonial', 233, 96, 'Lorex@gmail.com', 'Cisneros', 'Quispe', 1, 52463930),
       ('Katherine', '1976/12/12', '987654325', 'Argentina', 564, 2, 'Keit_rb@gmail.com', 'revoredo', 'Lapadula', 1,45782000),
       ('Jefferson', '1991/02/06', '965558235', 'Grau', 965, 45, 'Jeffry_fd@gmail.com', 'Quispe', 'Quispe', 1,36520047),
       ('Sergio', '1997/07/12', '987445857', 'Alameda sur', 669, 45, 'sergirob@gmail.com', 'Huaman', 'Huaman', 1,56585479),
       ('Lionel', '1989/08/13', '963585471', 'Española', 8, 2, 'LioMessi@gmail.com', 'Messi', 'Cuccittini', 1, 25368545),
       ('Cristiano', '1985/11/29', '996325004', 'Colmena', 25, 22, 'cr7_cris@gmail.com', 'Ronaldo', 'Dos Santos', 1,63589745),
       ('Nicolle', '2001/11/03', '985330209', 'San Marcos', 16, 56, 'NicGut@gmail.com', 'Gutierrez', 'Zavala', 1, 69857411);


insert into Persona
values ('Estephany', '2001/04/05', '989014416', 'Manuel Gomez', 15, 6, 'estephanita21.04@gmail.com', 'Solier', 'Quispe',1, 35664125),
       ('Cristina', '1995/07/25', '957410058', 'Alfonso Ugarte', 128, 20, 'cristina_25@gmail.com', 'Arroyo', 'Nalvarte',1, 72645510),
       ('Fabian', '1997/12/20', '988714250', 'Mexico', 150, 41, 'fabisoto97_20@gmail.com', 'Soto', 'Rodriguez', 1,25461175),
       ('Mery', '2000/08/10', '990145223', 'Aviación', 72, 12, 'merysu@gmail.com', 'Suarez', 'Palomino', 1, 65481774),
       ('Samir', '1998/11/04', '987420458', 'Cuba', 230, 56, 'samircito04@gmail.com', 'Lazaro', 'Valencia', 1,45286057),
       ('Ariadna', '1994/03/18', '920140225', 'Guardia Civil', 18, 3, 'ariperez1803@gmail.com', 'Perez', 'Romero', 1,52369945),
       ('Javier', '2000/05/28', '980475620', 'Iquitos', 98, 40, 'javierpar_2900@gmail.com', 'Paredes', 'Espinoza', 1,40025622),
       ('Camila', '1999/09/10', '973347569', 'Ricardo Palma', 874, 57, 'camil_1910@gmail.com', 'Arrieta', 'Fenandez', 1,32865744),
       ('Sofia', '1992/05/25', '921856411', 'Husares de Junin', 120, 8, 'sofi.torres25@gmail.com', 'Torres', 'Ruiz', 1,28541579),
       ('Diego', '1997/08/19', '994040106', 'Garzón', 72, 21, 'diegolan_08@gmail.com', 'Landaeta', 'Velarde', 1, 14952608),
       ('Samuel', '2000/05/01', '952044786', 'Tingo Maria', 879, 50, 'samuelayala_00@gmail.com', 'Ayala', 'Zamora', 1,56345210);


insert into Activador
values (2563, 70675089);
insert into Activador
values (1475, 63589745)


insert into Activador
values (5245, 20124536),
       (5265, 82154637);
insert into Activador
values (0525, 56585479);
insert into Activador
values (8405, 42563258);


insert into Campania
values (6535, 500, '2016/11/18', '2016/11/18', 100, 'Recorrido Virtual 1');


insert into Campania
values (2056, 500, '2018/10/17', '2018/11/17', 80, 'Clase de Halterofilia'),
       (2545, 5500, '2018/06/20', '2016/06/29', 800, 'Clase de abs'),
       (2505, 1500, '2019/07/03', '2019/08/03', 200, 'Recorrido Virtual 3'),
       (7552, 800, '2019/03/06', '2019/03/15', 120, 'Recorrido Virtual 2'),
       (2835, 2200, '2019/01/18', '2019/01/29', 1120, 'Demostracion de Halterofilia'),
       (0525, 1800, '2019/05/08', '2019/06/08', 325, 'Clase de Zumba'),
       (5260, 30000, '2020/01/20', '2020/01/29', 5000, 'Beneficios plan Black');

insert into Plataforma
values (1, 'Instagram'),
       (2, 'Facebook'),
       (3, 'Facebook Messenger'),
       (4, 'Youtube'),
       (5, 'Twitter ');

insert into TipoPublicidad
values (1, 'Recorrido'),
       (2, 'Demostracion'),
       (3, 'Clase'),
       (4, 'Beneficios');

insert into VirtualCamp
values (2505, 1),
       (7552, 1),
       (2835, 2),
       (5260, 4);

INSERT INTO VirtualPlataforma
VALUES (2505, 1),
       (2505, 4),
       (7552, 4),
       (2835, 3),
       (2835, 5),
       (5260, 1),
       (5260, 2),
       (5260, 3),
       (5260, 4),
       (5260, 5);

INSERT INTO PresencialCamp
values (2056, 54241, 70675089),
       (2545, 87455, 02154637),
       (0525, 52042, 20124536);

insert into Campania
values (1234, 5610, '2020/02/01', '2020/02/10', 7800, 'Beneficios Smart'),
       (5678, 550, '2016/02/01', '2016/02/10', 6500, 'Beneficios Black'),
       (9101, 1200, '2015/11/01', '2015/12/01', 7000, 'Clase Halterofilia'),
       (1121, 780, '2015/02/25', '2015/02/28', 10000, 'Uso del sillon Virtual'),
       (1314, 1400, '2015/03/01', '2015/04/01', 300, 'Recorido virtual a la sede VTM'),
       (1516, 15000, '2015/08/09', '2015/08/19', 4500, 'Clase zumba'),
       (1718, 1500, '2015/10/10', '2015/10/10', 15000, ' Maraton'),
       (1920, 1547, '2016/12/12', '2017/01/03', 8000, 'Clase de abs'),
       (2122, 1236, '2017/02/03', '2017/02/10', 3520, 'Clase Crossfit'),
       (2324, 2574, '2017/08/09', '2017/08/10', 4525, 'Clase Functional'),
       (2526, 1050, '2017/02/15', '2017/02/15', 600, 'Clase Zumba'),
       (2728, 800, '2018/12/10', '2018/12/15', 2100, 'Simulacion de entrenamiento'),
       (2930, 980, '2018/01/01', '2018/01/10', 6000, 'Recorrido sede Benavides'),
       (3132, 450, '2018/02/05', '2018/02/10', 7000, 'Beneficios Smart'),
       (3334, 630, '2018/07/05', '2018/07/10', 4625, 'Beneficios Black'),
       (3536, 447, '2019/10/11', '2019/10/29', 11420, 'Clase Halterofilia'),
       (3738, 770, '2019/10/11', '2019/11/11', 150, 'Clase abs'),
       (3940, 880, '2019/05/06', '2019/05/20', 120, 'Recorrido a las duchas Virtual'),
       (4041, 990, '2016/02/17', '2016/02/25', 358, 'Demostracion protocolos covid'),
       (4243, 880, '2019/08/15', '2019/09/01', 350, 'Clase virtual abs');

insert into VirtualCamp
values (1234, 4),
       (5678, 4),
       (1121, 2),
       (1314, 1),
       (2728, 2),
       (2930, 1),
       (3132, 4),
       (3334, 4),
       (3940, 1),
       (4041, 2),
       (4243, 3);

insert into VirtualPlataforma
values (1234, 1),
       (1234, 3),
       (5678, 5),
       (1121, 5),
       (1121, 4),
       (1121, 2),
       (1314, 1),
       (1314, 3),
       (2728, 1),
       (2728, 5),
       (2728, 4),
       (2930, 1),
       (3132, 2),
       (3132, 5),
       (3334, 2),
       (3940, 5),
       (3940, 1),
       (3940, 3),
       (4041, 1),
       (4041, 2),
       (4041, 4),
       (4243, 1),
       (4243, 2),
       (4243, 3),
       (4243, 4),
       (4243, 5);

insert into PresencialCamp
values (9101, 87455, 70675089),
       (1516, 52042, 20124536),
       (1718, 78540, 63589745),
       (1920, 87455, 02154637),
       (2122, 58774, 56585479),
       (2324, 05824, 42563258),
       (2526, 05752, 20124536),
       (3536, 47447, 70675089),
       (3738, 52482, 02154637);

insert into [Plan]
values (1, 'Smart', 1, 0, 99.9, 1),
       (2, 'Black', 0, 1, 99.9, 0);

insert into PlanCampania
values (3334, 2),
       (3132, 1),
       (5678, 2),
       (1234, 1),
       (5260, 2);


insert into Marca
values (18795, 'MET-RX'),
       (14789, 'LABNUTRITION USA'),
       (35210, 'MUSCLETECH'),
       (98751, 'CELLUCOR'),
       (55460, 'ECO LAND'),
       (60419, 'GU'),
       (70351, 'SOLGAR'),
       (24753, 'PURELY INSPIRED'),
       (46522, 'ONE'),
       (81837, 'POWERCRUNCH'),
       (63240, 'Muscle Meds'),
       (47200, 'FIZZIQUE'),
       (50192, 'IWON'),
       (94675, 'RED BULL'),
       (20345, 'PURE PROTEIN'),
       (73601, 'SMARTSHAKE'),
       (38504, 'LAKANTO'),
       (19782, 'ON'),
       (85600, 'Universe Nutrition');

insert into Modelo
values (111, '100% Whey gold', 35210),
       (112, 'Whey gold', 35210),
       (113, 'Cell-Tech', 35210),
       (114, 'Creature', 35210),
       (115, 'Alpha Test', 35210),
       (116, 'Isolate', 14789),
       (117, 'Whey', 14789),
       (118, 'Ultramyosyn Whey', 18795),
       (119, 'BCAA 5000', 18795),
       (200, 'C4 Sport', 98751),
       (201, 'Performance Gainer', 98751),
       (202, 'Carnivor', 63240),
       (203, 'Carnivor Mass', 63240),
       (204, 'Gold Standard', 19782),
       (205, 'Serius Mass', 19782),
       (206, 'BigM', 85600);

insert into Categoria
values (1, 'Suplementos'),
       (2, 'Implementos');

insert into SubCategoria
values (111, 'Proteinas', 1),
       (112, 'Creatinas', 1),
       (113, 'Aminoacidos Ramificados', 1),
       (114, 'Pre-Workout', 1),
       (115, 'Mass-Gainer', 1),
       (116, 'Impulsador de testosterona', 1);

insert into SubCategoria
values (221, 'Guantes', '2'),
       (222, 'Cinturon', 2),
       (223, 'Toalla', 2);

insert into Producto
values (1111, 'Nitro Tech', 300, 112, 111, 50),
       (1112, 'Nitro Tech 100% Whey Gold', 270, 111, 111, 40),
       (113, 'Cell-Tech Hyper Build', 250, 113, 112, 75),
       (114, 'Creactor HCI', 120, 114, 112, 56),
       (115, 'Alpha Test Pro', 380, 115, 116, 63),
       (116, 'Hydrolized Protein', 325, 116, 111, 48),
       (117, 'Premium Whey Protein', 180, 117, 111, 26),
       (118, 'Ultra Whey Protein', 150, 118, 111, 85),
       (119, 'BB Bcaa', 89, 119, 113, 36),
       (200, 'C4 Sport Light', 115, 200, 114, 89),
       (201, 'COR Gainer', 350, 201, 115, 15),
       (202, 'Beef Carnivor', 280, 202, 111, 5),
       (203, 'Beef Carnivor Mass', 380, 203, 115, 65),
       (204, '100% Whey Gold Standard', 250, 204, 111, 20),
       (205, 'High Serious Mass', 420, 205, 115, 45),
       (206, 'Whey Gainer BigM', 150, 206, 115, 20);


insert into Marca
values (59882,'Adidas'),
(26554,'RDX'),
(14758,'Nicoleta');

insert into Modelo
values (255,'Ligero',59882),
(852,'Espuma',26554),
(620,'Felpa',14758);

insert into Producto
values (414, 'Guantes ligeras', 120, 255, 221, 5),
       (578, 'Cinturon Espuma', 150, 852, 222, 6),
       (350, 'Toalla Felpa', 50, 620, 223, 8);

insert into Marca
values (52546,'Nike');

insert into Modelo
values (301,'100% Cuero',52546);

insert into Producto
values (308, 'Guante Ultrafino', 80, 301, 221, 2);


insert into ObjeticoFit
values (34567, 'Perder Peso'),
(85745,'Tonificar'),
(23865,'Construir Musculo'),
(65299,'Aumentar Energia'),
(30986,'Mejorar Rendimiento'),
(19256,'Definir Musculo');

 insert into Metodo_Pago
 values (1,'Efectivo'),
(2,'Visa'),
(3, 'MasterCard');

insert into Venta
 values (8711,45286057,180,1,'2018/12/20'),
 (5411,72645510,500,3,'2020/05/14'),
 (6920,65481774,240,2,'2017/08/03'),
 (8220,52369945,300,1,'2018/01/29'),
 (6209,56345210,840,2,'2017/10/10'),
 (3557,52463930,270,3,'2015/04/18'),
 (9852,36025789,350,1,'2016/02/20'),
 (2488,65481774,1520,2,'2019/11/10'),
 (1669,69857411,150,2,'2020/09/27'),
 (4900,72645510,178,2,'2015/12/09'),
 (6325,25368545,230,1,'2017/07/22'),
 (7251,45782000,560,2,'2018/08/21'),
 (9220,52463930,240,3,'2020/10/17'),
 (8335,69857411,750,1,'2015/06/23'),
 (2554,52003650,100,2,'2017/12/05'),
 (5693,56345210,600,3,'2019/08/11');
 
 insert into ProductoVenta
 values (1112,3557,270,1),
 (200,6325,115,2),
 (115,2488,380,3),
 (578,1669,150,1),
 (1111,8220,300,1),
 (203,2488,380,1),
 (206,5693,150,2),
 (414,6920,120,2),
 (117,8711,180,1),
 (350,2554,50,2),
 (114,6920,120,1),
 (205,6209,420,2),
 (308,9220,80,3),
 (119,4900,89,2),
 (202,7251,280,2),
 (113,5411,250,1),
 (201,9852,350,1),
 (118,5693,150,2),
 (116,8335,325,2),
 (204,5411,250,1);

 insert into Departamento 
 values (24655,'Lima'),
 (50937,'Arequipa'),
 (19473,'Ica'),
 (93847,'Cusco'),
 (75640,'Piura'),
 (63822,'Tumbes');

 insert into Provincia
 values (48779,'Lima',24655),
 (20141,'Cañete',24655),
 (98445,'Camana',50937),
 (55482,'Arequipa',50937),
 (33657,'Castilla',50937),
 (69820,'Ica',19473),
 (18574,'Pisco',19473),
 (58960,'Cusco',93847),
 (80546,'La Convención',93847),
 (73365,'Urubamba',93847),
 (99882,'Piura',75640),
 (11478,'Sullana',75640),
 (60024,'Talara',75640),
 (79520,'Tumbes',63822),
 (36548,'Contralmirante Villar',63822);

 insert into Distrito
 values (65455,'ATE',48779),
 (48825,'Barranco',48779),
 (71158,'Breña',48779),
 (36654,'Chorrillos',48779),
 (84750,'Comas',48779),
 (59847,'Jesus Maria',48779),
 (26804,'La Molina',48779),
 (16658,'La Victoria',48779),
 (60025,'Lima',48779),
 (98502,'Los Olivos',48779),
 (78420,'Miraflores',48779),
 (35489,'Pueblo Libre',48779),
 (69987,'San Borja',48779),
 (29895,'San Isidro',48779),
 (45874,'San Miguel',48779),
 (25598,'Santa Anita',48779),
 (33659,'Santiago de Surco',48779),
 (44782,'Villa el Salvador',48779),
 (88420,'San Juan de Lurigancho',48779),
 (22010,'Cerro Azul',20141),
 (66902,'Chilca',20141),
 (88402,'Nuevo Imperial',20141),
 (99835,'Arequipa',55482),
 (44785,'Cerro Colorado',55482),
 (66598,'Socabaya',55482),
 (33584,'Paucarpata',55482),
 (14452,'Distrito de Camaná',98445),
 (66582,'Samuel Pastor',98445),
 (99852,'Aplao',33657),
 (33698,'Orcopampa',33657),
 (74159,'Ica',69820),
 (88265,'Pueblo Nuevo',69820),
 (44265,'Santiago',69820),
 (33650,'Pisco',18574),
 (51203,'San Clemente',18574),
 (66032,'Cusco',58960),
 (22036,'Saylla',58960),
 (39952,'Kimbiri',80546),
 (11548,'Pichari',80546),
 (33956,'Vilcabamba',80546),
 (55820,'Ollantaytambo',73365),
 (20051,'Urubamba',73365),
 (62598,'Castilla',99882),
 (88456,'Piura',99882),
 (99263,'Bellavista',11478),
 (32325,'Sullana',11478),
 (84848,'Lobitos',60024),
 (11256,'Mancora',60024),
 (80963,'Tumbes',79520),
 (12958,'Corrales',79520),
 (36002,'Zorritos',36548);
 
 
 insert into Proveedor
values (0151, 'MK Fitness', '957813642'),
	   (0562, 'Active Life', '996821463'),
	   (0103, 'Fitness Pro', '951357624'),
	   (0994, 'Sport Fitness Peru','900123457'),
	   (0475, 'Impulse', '943486210');

insert into Sede
values (78810, 'Plaza del Sol', 88456,250),
       (98210, 'Real Plaza Cusco', 66032,350),
       (18610, 'Plaza Vea Ica', 74159,400),
       (67710, 'Real Plaza Tumbes', 80963,260),
       (25510, 'Mall Aventura Santa Anita', 25598,350),
       (20110, 'Gamarra', 16658,180),
       (29910, 'San Borja', 69987,290),
       (51410, 'Cerro Colorado', 99835,300),
       (23610, 'CompuPalace', 29895,400),
       (20010, 'Larcomar', 78420,400);

insert into Dia
values(01,'Lunes'),
	  (02,'Martes'),
	  (03,'Miercoles'),
	  (04,'Jueves'),
	  (05,'Viernes'),
	  (06,'Sabado'),
	  (07,'Domingo');

insert into Compra_Proveedor
values (0994,18610,96824,'2018/05/20',1548),
	   (0475,20110,75218,'2019/10/01',600),
	   (0475,18610,52007,'2018/02/14',852),
	   (0151,67710,20389,'2019/04/08',2500),
	   (0103,20110,15384,'2019/12/12',987),
	   (0562,78810,96255,'2018/01/30',365),
	   (0103,98210,24683,'2019/07/20',800),
	   (0475,29910,75319,'2018/03/15',5500),
	   (0994,67710,35960,'2018/11/26',2500),
	   (0562,23610,20699,'2019/09/11',1650),
	   (0151,51410,42683,'2018/08/08',6912),
	   (0994,78810,28647,'2019/06/28',10000),
	   (0103,29910,15626,'2019/02/17',1000),
	   (0562,67710,18496,'2018/10/05',860),
	   (0475,78810,56892,'2019/05/23',15000),
	   (0151,20110,13554,'2019/01/02',255),
	   (0562,98210,70253,'2018/04/12',860),
	   (0475,67710,68235,'2018/12/09',8500),
	   (0103,18610,35585,'2019/03/26',2600),
	   (0994,25510,35826,'2019/08/15',7500),
	   (0151,67710,54245,'2019/11/10',1100),
	   (0475,20010,98742,'2018/06/21',646),
	   (0562,29910,79463,'2018/07/17',2220),
	   (0103,51410,31647,'2019/10/29',900),
	   (0994,18610,25589,'2018/09/12',500),
	   (0151,67710,26546,'2019/10/10',820),
	   (0994,51410,78624,'2018/08/18',2000),
	   (0475,78810,05646,'2019/05/05',1600),
	   (0103,29910,04633,'2019/10/24',3300),
	   (0562,20010,89475,'2018/01/21',4500);

insert into Detalle_Compra
values (1111,89475,15,4800),
	   (1111,04633,10,3000),
	   (1112,05646,25,1300),
	   (113,78624,20,1800),
	   (113,26546,40,780),
	   (114,25589,50,470),
	   (114,31647,30,850),
	   (115,79463,45,1890),
	   (116,98742,100,586),
	   (117,54245,100,960),
	   (118,35826,50,8250),
	   (119,35585,60,2450),
	   (200,70253,70,800),
	   (201,96824,55,1386),
	   (202,13554,120,186),
	   (203,56892,85,15800),
	   (204,75218,70,560),
	   (205,18496,60,770),
	   (206,15626,50,880),
	   (206,52007,25,766),
	   (1112,20389,15,1970),
	   (204,15384,10,904),
	   (202,96255,55,300),
	   (200,24683,100,760),
	   (117,75319,50,6000),
	   (119,35960,25,2350),
	   (118,20699,15,1400),
	   (201,42683,75,1750),
	   (203,28647,95,10600),
	   (205,15626,50,950);

  INSERT INTO [TurnoTrabajo]
values (48522, 'Mañana', '06:00:00','12:00:00'),
       (48523, 'Tarde', '13:00:00','19:00:00'),
       (48524, 'Noche', '19:00:00','23:00:00');

  INSERT INTO PuestoTrabajo
values (58648, 'Recepcionista');

insert into Empleado
values ('2021/01/02', '2022/01/02','pepito_sagitario@gym.com', 78810,48522, 58648 , 14952608 ,35664125),
       ('2021/01/15','2021/03/15', 'juanacuario@gym.com', 98210, 48523,58648,36520047 , 35664125),
       ('2021/02/02', '2021/06/12','pedrog3@gym.com', 18610,48524, 58648, 40025622, 25461175),
	   ('2021/01/02', '2022/01/02','jhonytrincheraunorte4@gym.com', 78810,48523, 58648 , 25461175 ,NULL),
       ('2021/01/15','2021/03/15', 'pacoyunque5@gym.com', 18610,48522,58648, 28541579, 25461175),
	   ('2021/01/02', '2022/01/02','abrahamvaldelomar@gym.com', 25510,48523, 58648 , 32865744 ,35664125),
       ('2021/01/15','2021/03/15', 'ecesarvallejoacuña7@gym.com', 98210,48522,58648, 35664125, NULL); 

insert into Usuario 
values (85745,36025789),
(65299,52003650),
(19256,52463930),
(34567,45782000),
(30986,25368545),
(23865,56345210),
(30986,69857411),
(85745,72645510),
(34567,65481774),
(65299,45286057),
(19256,52369945);

insert into ReservaHorario
values (67710,9025,1,'2018/12/15 15:00:00',0,36025789),
(20110,6590,0,'2017/10/15 11:00:00',1,25368545),
(78810,3342,1,'2020/11/12 12:00:00',1,45782000),
(51410,2025,1,'2019/09/20 22:00:00',0,69857411),
(23610,9710,0,'2019/02/23 18:00:00',0,52369945),
(29910,3365,1,'2018/07/05 13:00:00',0,72645510),
(25510,9945,0,'2017/10/07 17:00:00',1,52463930),
(18610,5548,0,'2020/05/10 09:00:00',0,45286057),
(98210,6451,0,'2019/04/15 12:00:00',1,56345210),
(25510,9721,1,'2019/12/18 15:00:00',0,65481774),
(23610,3052,1,'2020/11/13 08:00:00',1,52003650),
(29910,6630,1,'2018/10/02 07:00:00',0,45782000),
(20110,3312,0,'2016/09/01 18:00:00',1,36025789),
(51410,6649,1,'2017/05/19 15:00:00',0,25368545),
(20010,8872,0,'2018/04/15 16:00:00',0,72645510),
(67710,3315,0,'2018/08/13 17:00:00',0,65481774),
(78810,1120,1,'2018/03/17 20:00:00',1,52369945),
(98210,2120,0,'2016/07/08 21:00:00',0,45286057),
(18610,4412,1,'2017/12/07 22:00:00',1,52003650),
(20010,6619,1,'2019/12/06 08:00:00',0,52463930),
(67710,3346,1,'2020/11/04 06:00:00',0,69857411),
(78810,2105,0,'2020/10/07 20:00:00',1,56345210),
(51410,9970,1,'2018/08/10 18:00:00',0,36025789),
(23610,3490,0,'2016/07/18 17:00:00',0,56345210),
(18610,3460,1,'2016/02/12 19:00:00',1,69857411),
(98210,2451,0,'2017/02/19 16:00:00',1,52003650),
(25510,9754,0,'2017/03/20 20:00:00',1,25368545),
(20110,2455,1,'2016/09/22 22:00:00',1,72645510),
(78810,6745,1,'2017/08/25 08:00:00',0,52369945),
(98210,7312,0,'2018/07/29 07:00:00',0,45286057),
(18610,3461,1,'2018/07/27 09:00:00',0,65481774),
(25510,2458,0,'2016/02/26 15:00:00',1,52463930),
(20110,3641,0,'2015/05/05 13:00:00',1,45782000),
(29910,4152,1,'2015/01/06 14:00:00',0,69857411),
(51410,6415,1,'2020/10/07 16:00:00',0,65481774),
(23610,3120,0,'2018/10/15 20:00:00',0,52463930),
(20010,9941,1,'2017/11/18 12:00:00',1,45286057),
(20010,3125,0,'2016/11/17 18:00:00',0,72645510),
(23610,9487,1,'2019/05/13 17:00:00',1,25368545),
(29910,6612,0,'2017/09/26 19:00:00',1,36025789),
(20110,3340,1,'2016/01/27 20:00:00',0,56345210),
(25510,9745,1,'2016/01/24 22:00:00',1,45782000),
(67710,3021,0,'2020/08/20 21:00:00',0,72645510),
(18610,5501,1,'2017/02/27 21:00:00',1,52003650),
(98210,6640,0,'2019/03/30 10:00:00',1,69857411),
(78810,7784,1,'2020/05/12 11:00:00',0,52369945);

insert into PlanSede
values (1,78810,50),
       (2,78810,89.9),
       (1,98210,59.9),
       (2,98210,99.9),
       (2,18610,79.9),
       (1,67710,59.9),
       (1,25510,50.9),
       (2,25510,80),
       (1,20110,49.9),
       (2,20110,89.9),
       (2,29910,99.9),
        (1,51410,50.9),
       (1,23610,50.9),
       (2,23610,89.9),
       (1,20010,69.9),
       (2, 20010, 109.9);

insert into Inscripcion
values (27514,1,78810,'2021/02/02', 1 ,1,25461175,36025789),
       (27515,1,98210,'2020/01/12', 1, 2,28541579,52003650),
	   (27516,1,67710,'2018/02/12',1 ,3,32865744,52463930), 
       (27517,2,25510,'2018/01/24', 0, 1,35664125,45782000), 
       (27519,1,67710,'2016/01/08', 1, 1,40025622,69857411),
	   (27520,1,25510,'2015/02/07', 1 ,2,14952608,72645510),
       (27521,1,20010,'2014/02/27', 1, 3,35664125,65481774),
	   (27522,2,98210,'2013/02/03',1 ,1,28541579,45286057),
       (27523,2,78810,'2016/01/08', 1, 2,36520047,52369945),
	   (27524,1,78810,'2017/02/02', 1 ,1,25461175,36025789),
       (27525,1,98210,'2018/01/12', 1, 2,28541579,52003650),
	   (27526,1,67710,'2019/02/12',1 ,3,32865744,52463930),
       (27527,2,25510,'2020/01/24', 0, 1,35664125,45782000),
       (27529,1,67710,'2018/01/08', 1, 1,40025622,69857411),
	   (27530,1,25510,'2017/01/17', 1 ,2,14952608,72645510),
       (27531,1,20010,'2016/01/25', 1, 3,35664125,65481774),
	   (27532,2,98210,'2015/02/03',1 ,1,28541579,45286057),
	   (27533,1,78810,'2014/02/02', 1 ,1,25461175,36025789),
       (27534,1,98210,'2013/01/12', 1, 2,28541579,52003650),
	   (27535,1,67710,'2015/02/13',1 ,3,32865744,52463930),
       (27536,2,25510,'2019/01/24', 0, 1,35664125,45782000),
       (27538,1,67710,'2021/01/08', 1, 1,40025622,69857411),
	   (27539,1,25510,'2018/02/07', 1 ,2,14952608,72645510),
       (27540,1,20010,'2018/02/27', 1, 3,35664125,65481774),
	   (27541,2,98210,'2017/02/03',1 ,1,28541579,45286057),
       (27543,2,78810,'2015/01/08', 1, 2,36520047,52369945),
	   (27545,2,23610,'2018/11/20',0,2,40025622,25368545),
	   (27546,1,67710,'2020/05/15',1,3,35664125,56345210),
	   (27550,1,51410,'2020/11/20',1,2,40025622,25368545),
	   (27553,2,20010,'2017/06/17',1,1,35664125,56345210);

insert into Persona
values ('Jose', '1999/10/11', '984446906', '28 de Julio', 800, 21, 'JosePedroza99@gmail.com', 'Pedroza', 'Gutierrez', 1,48220935),
('Manuel','2000/05/20','992514088','Balta',95,30,'manuelpe_0520@gmail.com', 'Pedroza','Diaz',1,20114000),
('Mario','1995/11/15','962235611','Caquetá',233,124,'mariobautista@gmail.com', 'Bautista','Ruiz',1,25770588),
('Mariano','1998/12/30','91482207','Venezuela',132,95,'marianovillar@gmail.com','Villar','Navarro',1,70459620),
('Joe','2001/09/26','933025148','Frutales',80,65,'joe.2609@gmail.com', 'Caballero','Cruz',1,39889525),
('Samir','1998/06/18','932658147','Parinacochas',192,105,'samircz98@gmail.com', 'Chavez','Cáceres',1,36055502),
('Raul','1999/05/10','989014416','San Luis',54,27,'raulpariona10@gmail.com','Pariona','Acosta',1,56660322),
('Jaime','1996/05/07','915800678','Angamos',32,10,'jaimetorres@gmail.com','Torres','Rojas',1,44999000),
('Fernando','2001/04/09','960159753','Arenales',260,47,'fernando.07@gmaial.com','Lopez','Vera',1,55698882),
('Alex','1998/10/02','970154820','José Pardo',140,25,'alexsaa.1002@gmail.com','Saavedra','Reyes',1,70074156),
('Piero','1997/08/28','930256600','Salaverry',96,36,'pieromoreno@gmail.com','Moreno','Flores',1,85002100),
('Rodrigo','2000/05/26','985421036','Tomas Valle',525,99,'rodripalomino.26@gmail.com','Palomino','Marquez',1,77675600),
('Abel','2001/03/21','950468222','Tacna',650,142,'abel.juarez@gmail.com','Juarez','García',1,44581200),
('Carlos','1994/02/11','940408585','Simon Bolivar',401,45,'carlitos11@gmail.com','Marchan','Quispe',1,88521033),
('Renzo','1994/01/15','932555880','San Felipe',205,20,'renzo15_94@gmail.com','Perez','Rodriguez',1,66598215);
 
insert into MarcaVehiculo
values (1250,'Yamaha'),
(8895,'Suzuki'),
(7844,'KTM'),
(1255,'Honda'),
(4630,'Ronco'),
(1002,'Pinarello'),
(8250,'Canyon'),
(4152,'Vermont'),
(2203,'Ortler'),
(6980,'Votec');

insert into Vehiculo
values (152200,'Negro',1250),
(488701,'Rojo',6980),
(336502,'Blanco',8895),
(778223,'Marrón',2203),
(966204,'Negro',1255),
(774105,'Blanco',7844),
(589306,'Crema',1002),
(200587,'Rojo',4630),
(690208,'Negro',8250),
(415239,'Blanco',4152);

insert into Repartidor 
values (336502,44581200),
(200587,20114000),
(966204,44999000),
(690208,70074156),
(488701,70459620),
(774105,36055502),
(778223,48220935),
(200587,77675600),
(415239,66598215),
(336502,55698882),
(589306,39889525),
(488701,88521033),
(966204,85002100),
(690208,25770588),
(152200,56660322);

insert into ZonaRepartidor
values (220584,'Zona Centro',895,15,203,587),
(984550,'Zona Sur',456,998,98,203),
(669025,'Zona Norte',225,94,360,255);

insert into RutaRepartidor
values (220584,66598215),
(669025,85002100),
(984550,48220935),
(669025,70074156),
(984550,44581200),
(220584,39889525),
(220584,56660322),
(669025,44999000),
(984550,36055502),
(984550,77675600),
(669025,88521033),
(220584,70459620),
(984550,20114000),
(669025,55698882),
(220584,25770588);

insert into VentaVirtual
values (1669,29895,'José Pardo',366,77675600),
(2554,88402,'Avenida Petit Thouars',225,88521033),
(9852,71158,'Avenida Naranjal',698,55698882),
(8711,60025,'Avenida Arequipa',457,20114000),
(8220,74159,'Avenida Guardia Civil',336,70459620),
(7251,14452,'Avenida Alfonso Ugarte',445,56660322),
(3557,33650,'Avenida Cesar Canevaro',998,48220935),
(9220,45874,'Avenida Domingo Orué',120,25770588),
(8335,16658,'Avenida La Molina',650,70074156),
(5411,35489,'Avenida Sucre',588,66598215);

insert into VentaPresencial 
values (6920,25510,36520047),
(6209,23610,14952608),
(2488,98210,35664125),
(4900,20010,28541579),
(6325,51410,25461175),
(5693,67710,32865744);

insert into Horario_Sede
values (78810, 01, '06:00:00.00', '21:00')

insert into Horario_Sede
values (78810, 02, '06:00:00.00', '21:00'),
       (78810, 03, '06:00:00.00', '21:00'),
       (78810, 04, '06:00:00.00', '21:00'),
       (78810, 05, '06:00:00.00', '21:00'),
       (78810, 06, '08:00:00.00', '18:00'),
       (78810, 07, '10:00:00.00', '14:00'),

       (98210, 01, '06:00:00.00', '21:00'),
       (98210, 02, '06:00:00.00', '21:00'),
       (98210, 03, '06:00:00.00', '21:00'),
       (98210, 04, '06:00:00.00', '21:00'),
       (98210, 05, '06:00:00.00', '21:00'),
       (98210, 06, '08:00:00.00', '18:00'),
       (98210, 07, '10:00:00.00', '14:00'),

       (18610, 01, '06:00:00.00', '21:00'),
       (18610, 02, '06:00:00.00', '21:00'),
       (18610, 03, '06:00:00.00', '21:00'),
       (18610, 04, '06:00:00.00', '21:00'),
       (18610, 05, '06:00:00.00', '21:00'),
       (18610, 06, '08:00:00.00', '18:00'),
       (18610, 07, '10:00:00.00', '12:00'),

       (67710, 01, '06:00:00.00', '23:00'),
       (67710, 02, '06:00:00.00', '23:00'),
       (67710, 03, '06:00:00.00', '23:00'),
       (67710, 04, '06:00:00.00', '23:00'),
       (67710, 05, '06:00:00.00', '23:00'),
       (67710, 06, '08:00:00.00', '18:00'),
       (67710, 07, '10:00:00.00', '13:00'),

       (25510, 01, '06:00:00.00', '23:00'),
       (25510, 02, '06:00:00.00', '23:00'),
       (25510, 03, '06:00:00.00', '23:00'),
       (25510, 04, '06:00:00.00', '23:00'),
       (25510, 05, '06:00:00.00', '23:00'),
       (25510, 06, '08:00:00.00', '18:00'),
       (25510, 07, '09:00:00.00', '15:00'),

       (20110, 01, '07:00:00.00', '23:00'),
       (20110, 02, '07:00:00.00', '23:00'),
       (20110, 03, '07:00:00.00', '23:00'),
       (20110, 04, '07:00:00.00', '23:00'),
       (20110, 05, '07:00:00.00', '23:00'),
       (20110, 06, '09:00:00.00', '18:00'),
       (20110, 07, '10:00:00.00', '13:00'),

       (29910, 01, '06:00:00.00', '22:00'),
       (29910, 02, '06:00:00.00', '22:00'),
       (29910, 03, '06:00:00.00', '22:00'),
       (29910, 04, '06:00:00.00', '22:00'),
       (29910, 05, '06:00:00.00', '22:00'),
       (29910, 06, '08:00:00.00', '18:00'),
       (29910, 07, '10:00:00.00', '16:00'),

       (51410, 01, '06:00:00.00', '22:00'),
       (51410, 02, '06:00:00.00', '22:00'),
       (51410, 03, '06:00:00.00', '22:00'),
       (51410, 04, '06:00:00.00', '22:00'),
       (51410, 05, '06:00:00.00', '22:00'),
       (51410, 06, '08:00:00.00', '18:00'),
       (51410, 07, '10:00:00.00', '16:00'),

       (23610, 01, '06:00:00.00', '22:00'),
       (23610, 02, '06:00:00.00', '22:00'),
       (23610, 03, '06:00:00.00', '22:00'),
       (23610, 04, '06:00:00.00', '22:00'),
       (23610, 05, '06:00:00.00', '22:00'),
       (23610, 06, '08:00:00.00', '15:00'),
       (23610, 07, '10:00:00.00', '13:00'),

       (20010, 01, '06:00:00.00', '21:00'),
       (20010, 02, '06:00:00.00', '21:00'),
       (20010, 03, '06:00:00.00', '21:00'),
       (20010, 04, '06:00:00.00', '21:00'),
       (20010, 05, '06:00:00.00', '21:00'),
       (20010, 06, '09:00:00.00', '20:00'),
       (20010, 07, '10:00:00.00', '18:00');

insert into Persona 
values ('Fiorella','2001/08/15','920448888','Cusco',41,108,'FioHinostroza@gmail.com','Hinostroza','Aguilar',1,40889955),
('Jhonny','1995/03/23','966221444','La Marina',58,120,'Jhonn_23@gmail.com','Alcazar','Acosta',1,66258911),
('Alisson','2000/07/02','971145523','Brasil',360,225,'AlissonHuay.00@gmail.com','Huayhua','Arias',1,99635526),
('Marcelo','2001/01/01','932650001','Nicolás Arriola',98,15,'Marcel.Vitor@gmail.com','Vitor','Castañeda',1,52200478),
('Valeria','1997/09/18','922000122','Alipio Ponce',755,258,'SalinasVal@gmail.com','Salinas','Arteaga',1,15597740),
('Rosa','2000/11/26','988822000','Carabaya',245,100,'Rosa_laurente11@gmail.com','Laurente','Guzmán',1,36641157),
('Kevin','1999/02/25','995558812','Apurímac',398,157,'Kevin_Mallma@gmail.com','Mallma','Urbina',1,78002522),
('Jaime','1998/10/04','963225410','Lampa',166,108,'Jaime.04.marca@gmail.com','Marca','Villa',1,45555899),
('Miriam','1995/12/30','988759622','Quilca',125,14,'Miriam.calle30@gmail.com','Calle','Valencia',1,98852456),
('Fernanda','2001/06/27','955022144','Áncash',203,50,'Fernanda.aranda@gmail.com','Díaz','Ponce',1,55236655);

insert into RegistroInvitado
values (9945,36641157),
(3340,40889955),
(4412,55236655),
(2451,45555899),
(9025,99635526),
(6630,15597740),
(2458,66258911),
(3125,98852456),
(7784,52200478),
(8872,78002522);

insert into Compra_Proveedor
values (0562,78810,44589,'2015/08/12',1500),
(0151,20110,55500,'2017/04/10',2600),
(0103,98210,66930,'2020/02/25',3125),
(0475,29910,77520,'2019/11/27',4000),
(0994,18610,33622,'2015/10/05',1750),
(0475,51410,36933,'2016/10/09',10125),
(0994,67710,25556,'2018/11/07',1400),
(0151,23610,11230,'2019/12/22',9000),
(0562,25510,60032,'2016/10/25',8250),
(0103,20010,53620,'2017/04/21',11700),
(0151,25510,44520,'2015/05/24',12500),
(0562,20110,93302,'2015/02/03',26000),
(0103,67710,88520,'2018/10/08',12000),
(0994,29910,77852,'2017/09/20',5500),
(0475,18610,11260,'2020/07/24',6000),
(0151,51410,41125,'2019/07/29',3250),
(0562,98210,77412,'2019/06/27',11100),
(0475,23610,88445,'2018/05/05',4375),
(0994,78810,55130,'2015/08/08',6000),
(0103,20010,22012,'2016/12/30',3300),
(0475,78810,33020,'2016/12/28',5200),
(0994,98210,66566,'2018/10/01',4000),
(0103,18610,99899,'2018/10/02',2250),
(0562,67710,92001,'2017/11/07',18000),
(0151,25510,88820,'2020/03/25',15600),
(0103,20110,78859,'2019/01/10',22750),
(0562,29910,66990,'2018/07/29',7500),
(0994,51410,55569,'2015/09/25',2250),
(0151,23610,49950,'2017/05/31',1250),
(0475,20010,36695,'2016/04/30',4125),
(0475,20110,22589,'2018/12/22',6000),
(0994,78810,11526,'2018/11/14',9250),
(0103,29910,44512,'2020/06/11',3000),
(0562,98210,99785,'2020/05/06',8400),
(0151,51410,32200,'2019/07/08',15000),
(0103,18610,48752,'2017/08/19',13750),
(0994,23610,64589,'2017/02/12',5600),
(0562,67710,88479,'2018/02/14',1400),
(0475,20010,66521,'2018/03/08',2500),
(0151,25510,32005,'2016/12/05',1000),
(0151,20010,99851,'2016/11/10',1875),
(0562,23610,77845,'2017/10/14',2000),
(0103,51410,36556,'2018/09/28',3000),
(0994,29910,41500,'2018/08/30',4550),
(0475,20110,33695,'2020/07/22',6500),
(0103,25510,77850,'2015/04/25',5950),
(0562,67710,99856,'2017/11/10',6250),
(0994,18610,78854,'2019/11/02',3250),
(0151,98210,11545,'2017/08/15',4125),
(0475,78810,22360,'2018/02/28',10800);

insert into Detalle_Compra
values (414,44589,15,100),
(206,55500,20,130),
(578,66930,25,125),
(205,77520,10,400),
(350,33622,50,35),
(204,36933,45,225),
(308,25556,20,70),
(203,11230,25,360),
(1111,60032,30,275),
(202,53620,45,260),
(1112,44520,50,250),
(201,93302,80,325),
(113,88520,50,240),
(200,77852,55,100),
(114,11260,60,100),
(119,41125,65,50),
(115,77412,30,370),
(118,88445,35,125),
(116,55130,20,300),
(117,22012,20,165),
(206,33020,40,130),
(205,66566,10,400),
(204,99899,10,225),
(203,92001,50,360),
(202,88820,60,260),
(201,78859,70,325),
(200,66990,75,100),
(119,55569,45,50),
(118,49950,10,125),
(117,36695,25,165),
(116,22589,20,300),
(115,11526,25,370),
(114,44512,30,100),
(113,99785,35,240),
(1112,32200,60,250),
(1111,48752,50,275),
(308,64589,80,70),
(350,88479,40,35),
(578,66521,20,125),
(414,32005,10,100),
(118,99851,15,125),
(114,77845,20,100),
(200,36556,30,100),
(206,41500,35,130),
(414,33695,65,100),
(308,77850,85,70),
(578,99856,50,125),
(201,78854,10,325),
(1111,11545,15,275),
(203,22360,30,360);

insert into ReservaHorario
values (78810,5484,0,'2015/08/17 18:00:00',1,36025789),
(98210,2150,0,'2018/10/25 15:00:00',0,52003650),
(18610,9820,1,'2015/12/21 11:00:00',0,52463930),
(67710,4878,0,'2013/11/20 10:00:00',0,45782000),
(25510,4481,1,'2014/05/14 14:00:00',1,25368545),
(20110,8446,0,'2018/08/08 17:00:00',0,56345210),
(29910,9550,1,'2020/07/07 12:00:00',1,69857411),
(51410,7846,1,'2019/03/03 10:00:00',0,72645510),
(23610,9595,1,'2015/01/01 07:00:00',1,65481774),
(20010,6659,0,'2017/02/05 08:00:00',0,45286057),
(25510,3115,0,'2016/04/06 09:00:00',1,52369945),
(20110,3636,0,'2015/01/09 06:00:00',0,56345210),
(29910,3356,0,'2014/10/01 14:00:00',1,69857411),
(51410,1445,1,'2014/12/30 12:00:00',0,72645510),
(23610,5566,1,'2020/11/24 10:00:00',1,65481774),
(20010,9798,0,'2015/08/05 15:00:00',1,45286057),
(67710,6595,0,'2017/09/14 19:00:00',1,52369945),
(18610,9852,1,'2020/07/16 18:00:00',0,25368545),
(98210,2154,0,'2017/05/17 12:00:00',0,45782000),
(78810,2263,1,'2016/03/18 20:00:00',0,52463930),
(20010,5585,0,'2019/04/19 19:00:00',1,52003650),
(23610,9985,1,'2018/10/15 16:00:00',0,36025789),
(51410,3305,1,'2019/05/14 13:00:00',1,52369945),
(29910,2201,0,'2017/04/13 14:00:00',0,45286057),
(20110,1154,0,'2015/01/11 17:00:00',1,65481774),
(25510,6632,1,'2014/11/02 20:00:00',0,72645510),
(67710,5512,0,'2020/05/04 21:00:00',1,69857411),
(18610,4415,1,'2020/09/08 05:00:00',1,56345210),
(98210,7412,0,'2020/08/09 06:00:00',1,25368545),
(78810,8822,1,'2017/12/03 08:00:00',0,45782000),
(20010,9851,1,'2018/11/06 09:00:00',1,52463930),
(23610,6001,1,'2019/10/20 10:00:00',0,52003650),
(51410,4487,1,'2016/05/25 12:00:00',0,36025789),
(29910,5226,0,'2013/04/24 11:00:00',0,45286057),
(20110,7233,1,'2014/07/28 14:00:00',1,36025789),
(25510,8566,0,'2018/06/29 17:00:00',0,52369945),
(67710,9072,1,'2017/08/30 15:00:00',0,69857411),
(18610,3002,1,'2015/06/30 18:00:00',0,72645510),
(98210,1070,0,'2015/09/12 13:00:00',0,45782000),
(78810,2004,0,'2016/10/14 15:00:00',1,52369945),
(23610,8830,0,'2019/11/16 17:00:00',0,45286057),
(29910,9952,1,'2018/12/17 11:00:00',1,65481774),
(20110,7225,0,'2014/11/18 10:00:00',0,72645510),
(78810,5558,1,'2018/10/19 09:00:00',1,69857411),
(18610,3589,0,'2020/04/01 10:00:00',1,56345210),
(98210,2253,1,'2019/05/02 08:00:00',1,25368545),
(51410,4478,0,'2017/06/04 06:00:00',0,45782000),
(20010,1550,1,'2014/07/09 10:00:00',1,52463930),
(67710,6695,1,'2018/08/03 11:00:00',0,52003650),
(25510,1145,0,'2015/09/01 12:00:00',1,36025789);
